[
  {
    "username": "samyamkhadka13",
    "subject": "Physics",
    "score": 1,
    "total": 1,
    "percentage": 100.0,
    "date": "2025-10-15 20:19:30"
  },
  {
    "username": "samyamkhadka13",
    "subject": "Full Test",
    "score": 1,
    "total": 1,
    "percentage": 100.0,
    "date": "2025-10-15 20:32:18"
  },
  {
    "username": "samyamkhadka13",
    "subject": "Physics",
    "score": 1,
    "total": 1,
    "percentage": 100.0,
    "date": "2025-10-15 22:24:07"
  }
]